"test_id","test_creatorId","test_time","test_accuracy","test_wpm","test_rawWpm","test_chars","test_createdAt","test_testTaken","creator_id","creator_uid","creator_username","creator_email","creator_createdAt","creator_updatedAt"
143,"wlhhYCPwhZUrzYw57H5QbhBkAE53",15,100,108,108,"113 / 0","2024-09-23 08:34:46.451736+05:30","23/09/24",3,"wlhhYCPwhZUrzYw57H5QbhBkAE53","Rohith","test@gmail.com","2024-09-11 08:20:14.806777","2024-09-11 08:20:14.806777"
156,"wlhhYCPwhZUrzYw57H5QbhBkAE53",30,95.6,105,109,"216 / 10","2024-09-23 08:48:50.007503+05:30","23/09/24",3,"wlhhYCPwhZUrzYw57H5QbhBkAE53","Rohith","test@gmail.com","2024-09-11 08:20:14.806777","2024-09-11 08:20:14.806777"
174,"EVYIKxyLx2gV46fA8x8dGDzktij2",30,100,102,102,"211 / 0","2024-09-25 13:59:47.509571+05:30","25/09/24",5,"EVYIKxyLx2gV46fA8x8dGDzktij2","Rahul","nigga@gmail.com","2024-09-20 10:32:01","2024-09-20 10:32:01"
178,"EVYIKxyLx2gV46fA8x8dGDzktij2",30,96.7,100,103,"207 / 7","2024-09-25 14:05:33.284284+05:30","25/09/24",5,"EVYIKxyLx2gV46fA8x8dGDzktij2","Rahul","nigga@gmail.com","2024-09-20 10:32:01","2024-09-20 10:32:01"
144,"EVYIKxyLx2gV46fA8x8dGDzktij2",15,96.2,100,103,"102 / 4","2024-09-23 08:37:07.364437+05:30","23/09/24",5,"EVYIKxyLx2gV46fA8x8dGDzktij2","Rahul","nigga@gmail.com","2024-09-20 10:32:01","2024-09-20 10:32:01"
159,"wlhhYCPwhZUrzYw57H5QbhBkAE53",15,100,99,99,"124 / 0","2024-09-23 13:11:48.153108+05:30","23/09/24",3,"wlhhYCPwhZUrzYw57H5QbhBkAE53","Rohith","test@gmail.com","2024-09-11 08:20:14.806777","2024-09-11 08:20:14.806777"
172,"EVYIKxyLx2gV46fA8x8dGDzktij2",30,100,98,98,"207 / 0","2024-09-25 13:50:47.195711+05:30","25/09/24",5,"EVYIKxyLx2gV46fA8x8dGDzktij2","Rahul","nigga@gmail.com","2024-09-20 10:32:01","2024-09-20 10:32:01"
78,"EVYIKxyLx2gV46fA8x8dGDzktij2",15,100,96,96,"120 / 0","2024-09-20 07:59:07.220193+05:30","20/09/24",5,"EVYIKxyLx2gV46fA8x8dGDzktij2","Rahul","nigga@gmail.com","2024-09-20 10:32:01","2024-09-20 10:32:01"
139,"wlhhYCPwhZUrzYw57H5QbhBkAE53",15,100,96,96,"98 / 0","2024-09-22 16:18:10.597117+05:30","22/09/24",3,"wlhhYCPwhZUrzYw57H5QbhBkAE53","Rohith","test@gmail.com","2024-09-11 08:20:14.806777","2024-09-11 08:20:14.806777"
102,"wlhhYCPwhZUrzYw57H5QbhBkAE53",15,96.8,96,99,"120 / 4","2024-09-20 16:56:47.968408+05:30","20/09/24",3,"wlhhYCPwhZUrzYw57H5QbhBkAE53","Rohith","test@gmail.com","2024-09-11 08:20:14.806777","2024-09-11 08:20:14.806777"
158,"wlhhYCPwhZUrzYw57H5QbhBkAE53",15,93.5,96,102,"100 / 7","2024-09-23 12:54:37.25383+05:30","23/09/24",3,"wlhhYCPwhZUrzYw57H5QbhBkAE53","Rohith","test@gmail.com","2024-09-11 08:20:14.806777","2024-09-11 08:20:14.806777"
112,"wlhhYCPwhZUrzYw57H5QbhBkAE53",15,93.3,96,102,"97 / 7","2024-09-21 09:41:34.845776+05:30","21/09/24",3,"wlhhYCPwhZUrzYw57H5QbhBkAE53","Rohith","test@gmail.com","2024-09-11 08:20:14.806777","2024-09-11 08:20:14.806777"
111,"wlhhYCPwhZUrzYw57H5QbhBkAE53",15,96.7,94,97,"118 / 4","2024-09-21 06:09:26.773258+05:30","21/09/24",3,"wlhhYCPwhZUrzYw57H5QbhBkAE53","Rohith","test@gmail.com","2024-09-11 08:20:14.806777","2024-09-11 08:20:14.806777"
4,"wlhhYCPwhZUrzYw57H5QbhBkAE53",15,96.7,92,96,"116 / 4","2024-09-11 11:09:22.943149+05:30","11/09/24",3,"wlhhYCPwhZUrzYw57H5QbhBkAE53","Rohith","test@gmail.com","2024-09-11 08:20:14.806777","2024-09-11 08:20:14.806777"
123,"wlhhYCPwhZUrzYw57H5QbhBkAE53",15,96.6,92,95,"115 / 4","2024-09-22 04:51:55.137364+05:30","22/09/24",3,"wlhhYCPwhZUrzYw57H5QbhBkAE53","Rohith","test@gmail.com","2024-09-11 08:20:14.806777","2024-09-11 08:20:14.806777"
160,"wlhhYCPwhZUrzYw57H5QbhBkAE53",45,94,92,97,"283 / 18","2024-09-23 13:16:38.816241+05:30","23/09/24",3,"wlhhYCPwhZUrzYw57H5QbhBkAE53","Rohith","test@gmail.com","2024-09-11 08:20:14.806777","2024-09-11 08:20:14.806777"
132,"wlhhYCPwhZUrzYw57H5QbhBkAE53",15,100,91,91,"96 / 0","2024-09-22 16:10:02.306315+05:30","22/09/24",3,"wlhhYCPwhZUrzYw57H5QbhBkAE53","Rohith","test@gmail.com","2024-09-11 08:20:14.806777","2024-09-11 08:20:14.806777"
45,"wlhhYCPwhZUrzYw57H5QbhBkAE53",15,98.3,91,92,"114 / 2","2024-09-20 05:10:50.241956+05:30","20/09/24",3,"wlhhYCPwhZUrzYw57H5QbhBkAE53","Rohith","test@gmail.com","2024-09-11 08:20:14.806777","2024-09-11 08:20:14.806777"
13,"wlhhYCPwhZUrzYw57H5QbhBkAE53",15,100,90,90,"113 / 0","2024-09-11 16:29:11.428099+05:30","11/09/24",3,"wlhhYCPwhZUrzYw57H5QbhBkAE53","Rohith","test@gmail.com","2024-09-11 08:20:14.806777","2024-09-11 08:20:14.806777"
171,"EVYIKxyLx2gV46fA8x8dGDzktij2",30,100,89,89,"223 / 0","2024-09-25 13:49:32.686046+05:30","25/09/24",5,"EVYIKxyLx2gV46fA8x8dGDzktij2","Rahul","nigga@gmail.com","2024-09-20 10:32:01","2024-09-20 10:32:01"
61,"wlhhYCPwhZUrzYw57H5QbhBkAE53",15,96.6,89,92,"112 / 4","2024-09-20 05:25:26.165326+05:30","20/09/24",3,"wlhhYCPwhZUrzYw57H5QbhBkAE53","Rohith","test@gmail.com","2024-09-11 08:20:14.806777","2024-09-11 08:20:14.806777"
68,"EVYIKxyLx2gV46fA8x8dGDzktij2",15,100,88,88,"111 / 0","2024-09-20 07:54:23.551024+05:30","20/09/24",5,"EVYIKxyLx2gV46fA8x8dGDzktij2","Rahul","nigga@gmail.com","2024-09-20 10:32:01","2024-09-20 10:32:01"
137,"wlhhYCPwhZUrzYw57H5QbhBkAE53",15,100,87,87,"109 / 0","2024-09-22 16:16:55.638496+05:30","22/09/24",3,"wlhhYCPwhZUrzYw57H5QbhBkAE53","Rohith","test@gmail.com","2024-09-11 08:20:14.806777","2024-09-11 08:20:14.806777"
113,"wlhhYCPwhZUrzYw57H5QbhBkAE53",15,97.3,87,89,"109 / 3","2024-09-21 09:45:48.369693+05:30","21/09/24",3,"wlhhYCPwhZUrzYw57H5QbhBkAE53","Rohith","test@gmail.com","2024-09-11 08:20:14.806777","2024-09-11 08:20:14.806777"
71,"EVYIKxyLx2gV46fA8x8dGDzktij2",15,100,86,86,"108 / 0","2024-09-20 07:55:41.813576+05:30","20/09/24",5,"EVYIKxyLx2gV46fA8x8dGDzktij2","Rahul","nigga@gmail.com","2024-09-20 10:32:01","2024-09-20 10:32:01"
73,"EVYIKxyLx2gV46fA8x8dGDzktij2",15,98.2,86,88,"108 / 2","2024-09-20 07:57:23.280044+05:30","20/09/24",5,"EVYIKxyLx2gV46fA8x8dGDzktij2","Rahul","nigga@gmail.com","2024-09-20 10:32:01","2024-09-20 10:32:01"
54,"EVYIKxyLx2gV46fA8x8dGDzktij2",15,97.3,86,88,"108 / 3","2024-09-20 05:22:30.409541+05:30","20/09/24",5,"EVYIKxyLx2gV46fA8x8dGDzktij2","Rahul","nigga@gmail.com","2024-09-20 10:32:01","2024-09-20 10:32:01"
1,"wlhhYCPwhZUrzYw57H5QbhBkAE53",60,96.4,86,89,"433 / 16","2024-09-11 11:07:28.464098+05:30","11/09/24",3,"wlhhYCPwhZUrzYw57H5QbhBkAE53","Rohith","test@gmail.com","2024-09-11 08:20:14.806777","2024-09-11 08:20:14.806777"
140,"wlhhYCPwhZUrzYw57H5QbhBkAE53",15,94.7,86,91,"108 / 6","2024-09-22 16:19:32.120704+05:30","22/09/24",3,"wlhhYCPwhZUrzYw57H5QbhBkAE53","Rohith","test@gmail.com","2024-09-11 08:20:14.806777","2024-09-11 08:20:14.806777"
51,"EVYIKxyLx2gV46fA8x8dGDzktij2",15,100,85,85,"107 / 0","2024-09-20 05:20:38.460317+05:30","20/09/24",5,"EVYIKxyLx2gV46fA8x8dGDzktij2","Rahul","nigga@gmail.com","2024-09-20 10:32:01","2024-09-20 10:32:01"
96,"EVYIKxyLx2gV46fA8x8dGDzktij2",60,100,85,85,"429 / 0","2024-09-20 15:19:34.631293+05:30","20/09/24",5,"EVYIKxyLx2gV46fA8x8dGDzktij2","Rahul","nigga@gmail.com","2024-09-20 10:32:01","2024-09-20 10:32:01"
142,"wlhhYCPwhZUrzYw57H5QbhBkAE53",15,100,85,85,"107 / 0","2024-09-22 17:45:55.826664+05:30","22/09/24",3,"wlhhYCPwhZUrzYw57H5QbhBkAE53","Rohith","test@gmail.com","2024-09-11 08:20:14.806777","2024-09-11 08:20:14.806777"
138,"wlhhYCPwhZUrzYw57H5QbhBkAE53",15,98.2,85,87,"107 / 2","2024-09-22 16:17:19.913273+05:30","22/09/24",3,"wlhhYCPwhZUrzYw57H5QbhBkAE53","Rohith","test@gmail.com","2024-09-11 08:20:14.806777","2024-09-11 08:20:14.806777"
56,"EVYIKxyLx2gV46fA8x8dGDzktij2",15,100,84,84,"105 / 0","2024-09-20 05:23:18.804019+05:30","20/09/24",5,"EVYIKxyLx2gV46fA8x8dGDzktij2","Rahul","nigga@gmail.com","2024-09-20 10:32:01","2024-09-20 10:32:01"
145,"EVYIKxyLx2gV46fA8x8dGDzktij2",15,100,84,84,"105 / 0","2024-09-23 08:37:39.944201+05:30","23/09/24",5,"EVYIKxyLx2gV46fA8x8dGDzktij2","Rahul","nigga@gmail.com","2024-09-20 10:32:01","2024-09-20 10:32:01"
85,"EVYIKxyLx2gV46fA8x8dGDzktij2",60,99.3,84,84,"420 / 3","2024-09-20 08:14:19.929517+05:30","20/09/24",5,"EVYIKxyLx2gV46fA8x8dGDzktij2","Rahul","nigga@gmail.com","2024-09-20 10:32:01","2024-09-20 10:32:01"
105,"wlhhYCPwhZUrzYw57H5QbhBkAE53",15,97.2,84,87,"106 / 3","2024-09-20 16:59:10.600371+05:30","20/09/24",3,"wlhhYCPwhZUrzYw57H5QbhBkAE53","Rohith","test@gmail.com","2024-09-11 08:20:14.806777","2024-09-11 08:20:14.806777"
110,"wlhhYCPwhZUrzYw57H5QbhBkAE53",15,97.2,84,86,"105 / 3","2024-09-21 06:09:00.703266+05:30","21/09/24",3,"wlhhYCPwhZUrzYw57H5QbhBkAE53","Rohith","test@gmail.com","2024-09-11 08:20:14.806777","2024-09-11 08:20:14.806777"
117,"EVYIKxyLx2gV46fA8x8dGDzktij2",60,99.5,83,84,"419 / 2","2024-09-21 17:09:18.617689+05:30","21/09/24",5,"EVYIKxyLx2gV46fA8x8dGDzktij2","Rahul","nigga@gmail.com","2024-09-20 10:32:01","2024-09-20 10:32:01"
176,"EVYIKxyLx2gV46fA8x8dGDzktij2",30,98.6,83,84,"209 / 3","2024-09-25 14:04:21.438277+05:30","25/09/24",5,"EVYIKxyLx2gV46fA8x8dGDzktij2","Rahul","nigga@gmail.com","2024-09-20 10:32:01","2024-09-20 10:32:01"
55,"EVYIKxyLx2gV46fA8x8dGDzktij2",15,96.3,83,86,"104 / 4","2024-09-20 05:22:56.035741+05:30","20/09/24",5,"EVYIKxyLx2gV46fA8x8dGDzktij2","Rahul","nigga@gmail.com","2024-09-20 10:32:01","2024-09-20 10:32:01"
161,"wlhhYCPwhZUrzYw57H5QbhBkAE53",60,96.3,83,86,"418 / 16","2024-09-23 13:18:05.330552+05:30","23/09/24",3,"wlhhYCPwhZUrzYw57H5QbhBkAE53","Rohith","test@gmail.com","2024-09-11 08:20:14.806777","2024-09-11 08:20:14.806777"
93,"EVYIKxyLx2gV46fA8x8dGDzktij2",60,99,82,83,"412 / 4","2024-09-20 15:14:36.246178+05:30","20/09/24",5,"EVYIKxyLx2gV46fA8x8dGDzktij2","Rahul","nigga@gmail.com","2024-09-20 10:32:01","2024-09-20 10:32:01"
59,"EVYIKxyLx2gV46fA8x8dGDzktij2",15,98.1,82,84,"103 / 2","2024-09-20 05:24:59.37481+05:30","20/09/24",5,"EVYIKxyLx2gV46fA8x8dGDzktij2","Rahul","nigga@gmail.com","2024-09-20 10:32:01","2024-09-20 10:32:01"
146,"EVYIKxyLx2gV46fA8x8dGDzktij2",15,96.3,82,85,"103 / 4","2024-09-23 08:37:58.246697+05:30","23/09/24",5,"EVYIKxyLx2gV46fA8x8dGDzktij2","Rahul","nigga@gmail.com","2024-09-20 10:32:01","2024-09-20 10:32:01"
46,"EVYIKxyLx2gV46fA8x8dGDzktij2",60,98.8,81,82,"407 / 5","2024-09-20 05:11:21.17681+05:30","20/09/24",5,"EVYIKxyLx2gV46fA8x8dGDzktij2","Rahul","nigga@gmail.com","2024-09-20 10:32:01","2024-09-20 10:32:01"
175,"EVYIKxyLx2gV46fA8x8dGDzktij2",30,97.6,81,83,"204 / 5","2024-09-25 14:03:12.183813+05:30","25/09/24",5,"EVYIKxyLx2gV46fA8x8dGDzktij2","Rahul","nigga@gmail.com","2024-09-20 10:32:01","2024-09-20 10:32:01"
50,"EVYIKxyLx2gV46fA8x8dGDzktij2",15,100,80,80,"100 / 0","2024-09-20 05:20:01.97521+05:30","20/09/24",5,"EVYIKxyLx2gV46fA8x8dGDzktij2","Rahul","nigga@gmail.com","2024-09-20 10:32:01","2024-09-20 10:32:01"
67,"EVYIKxyLx2gV46fA8x8dGDzktij2",15,100,80,80,"100 / 0","2024-09-20 07:54:03.070689+05:30","20/09/24",5,"EVYIKxyLx2gV46fA8x8dGDzktij2","Rahul","nigga@gmail.com","2024-09-20 10:32:01","2024-09-20 10:32:01"
90,"EVYIKxyLx2gV46fA8x8dGDzktij2",60,100,80,80,"404 / 0","2024-09-20 15:10:27.075422+05:30","20/09/24",5,"EVYIKxyLx2gV46fA8x8dGDzktij2","Rahul","nigga@gmail.com","2024-09-20 10:32:01","2024-09-20 10:32:01"
151,"EVYIKxyLx2gV46fA8x8dGDzktij2",15,100,80,80,"82 / 0","2024-09-23 08:40:25.148163+05:30","23/09/24",5,"EVYIKxyLx2gV46fA8x8dGDzktij2","Rahul","nigga@gmail.com","2024-09-20 10:32:01","2024-09-20 10:32:01"
179,"EVYIKxyLx2gV46fA8x8dGDzktij2",30,99.5,80,80,"201 / 1","2024-09-25 14:06:38.106643+05:30","25/09/24",5,"EVYIKxyLx2gV46fA8x8dGDzktij2","Rahul","nigga@gmail.com","2024-09-20 10:32:01","2024-09-20 10:32:01"
173,"EVYIKxyLx2gV46fA8x8dGDzktij2",30,99,80,81,"201 / 2","2024-09-25 13:58:45.465596+05:30","25/09/24",5,"EVYIKxyLx2gV46fA8x8dGDzktij2","Rahul","nigga@gmail.com","2024-09-20 10:32:01","2024-09-20 10:32:01"
170,"EVYIKxyLx2gV46fA8x8dGDzktij2",30,98.5,80,82,"202 / 3","2024-09-25 13:43:20.516564+05:30","25/09/24",5,"EVYIKxyLx2gV46fA8x8dGDzktij2","Rahul","nigga@gmail.com","2024-09-20 10:32:01","2024-09-20 10:32:01"
97,"EVYIKxyLx2gV46fA8x8dGDzktij2",60,97.3,80,82,"401 / 11","2024-09-20 15:24:03.613551+05:30","20/09/24",5,"EVYIKxyLx2gV46fA8x8dGDzktij2","Rahul","nigga@gmail.com","2024-09-20 10:32:01","2024-09-20 10:32:01"
177,"EVYIKxyLx2gV46fA8x8dGDzktij2",30,96.7,80,83,"202 / 7","2024-09-25 14:05:00.700157+05:30","25/09/24",5,"EVYIKxyLx2gV46fA8x8dGDzktij2","Rahul","nigga@gmail.com","2024-09-20 10:32:01","2024-09-20 10:32:01"
147,"EVYIKxyLx2gV46fA8x8dGDzktij2",15,96.2,80,84,"101 / 4","2024-09-23 08:38:21.219072+05:30","23/09/24",5,"EVYIKxyLx2gV46fA8x8dGDzktij2","Rahul","nigga@gmail.com","2024-09-20 10:32:01","2024-09-20 10:32:01"
16,"wlhhYCPwhZUrzYw57H5QbhBkAE53",30,95.7,80,84,"202 / 9","2024-09-12 06:08:31.948625+05:30","12/09/24",3,"wlhhYCPwhZUrzYw57H5QbhBkAE53","Rohith","test@gmail.com","2024-09-11 08:20:14.806777","2024-09-11 08:20:14.806777"
62,"EVYIKxyLx2gV46fA8x8dGDzktij2",15,95.3,80,84,"101 / 5","2024-09-20 05:25:30.35537+05:30","20/09/24",5,"EVYIKxyLx2gV46fA8x8dGDzktij2","Rahul","nigga@gmail.com","2024-09-20 10:32:01","2024-09-20 10:32:01"
130,"wlhhYCPwhZUrzYw57H5QbhBkAE53",15,95.3,80,84,"101 / 5","2024-09-22 16:09:09.319045+05:30","22/09/24",3,"wlhhYCPwhZUrzYw57H5QbhBkAE53","Rohith","test@gmail.com","2024-09-11 08:20:14.806777","2024-09-11 08:20:14.806777"
134,"wlhhYCPwhZUrzYw57H5QbhBkAE53",15,95.3,80,84,"101 / 5","2024-09-22 16:15:15.236957+05:30","22/09/24",3,"wlhhYCPwhZUrzYw57H5QbhBkAE53","Rohith","test@gmail.com","2024-09-11 08:20:14.806777","2024-09-11 08:20:14.806777"
76,"EVYIKxyLx2gV46fA8x8dGDzktij2",15,93.5,80,86,"101 / 7","2024-09-20 07:58:27.36182+05:30","20/09/24",5,"EVYIKxyLx2gV46fA8x8dGDzktij2","Rahul","nigga@gmail.com","2024-09-20 10:32:01","2024-09-20 10:32:01"
60,"wlhhYCPwhZUrzYw57H5QbhBkAE53",15,91.8,80,88,"101 / 9","2024-09-20 05:25:07.555038+05:30","20/09/24",3,"wlhhYCPwhZUrzYw57H5QbhBkAE53","Rohith","test@gmail.com","2024-09-11 08:20:14.806777","2024-09-11 08:20:14.806777"
119,"EVYIKxyLx2gV46fA8x8dGDzktij2",60,100,79,79,"395 / 0","2024-09-21 17:12:25.825086+05:30","21/09/24",5,"EVYIKxyLx2gV46fA8x8dGDzktij2","Rahul","nigga@gmail.com","2024-09-20 10:32:01","2024-09-20 10:32:01"
149,"EVYIKxyLx2gV46fA8x8dGDzktij2",15,100,79,79,"99 / 0","2024-09-23 08:38:57.517158+05:30","23/09/24",5,"EVYIKxyLx2gV46fA8x8dGDzktij2","Rahul","nigga@gmail.com","2024-09-20 10:32:01","2024-09-20 10:32:01"
44,"EVYIKxyLx2gV46fA8x8dGDzktij2",60,99,79,80,"399 / 4","2024-09-20 05:08:53.202342+05:30","20/09/24",5,"EVYIKxyLx2gV46fA8x8dGDzktij2","Rahul","nigga@gmail.com","2024-09-20 10:32:01","2024-09-20 10:32:01"
48,"EVYIKxyLx2gV46fA8x8dGDzktij2",60,99,79,80,"396 / 4","2024-09-20 05:18:15.606566+05:30","20/09/24",5,"EVYIKxyLx2gV46fA8x8dGDzktij2","Rahul","nigga@gmail.com","2024-09-20 10:32:01","2024-09-20 10:32:01"
81,"EVYIKxyLx2gV46fA8x8dGDzktij2",60,98.8,79,80,"396 / 5","2024-09-20 08:04:22.91975+05:30","20/09/24",5,"EVYIKxyLx2gV46fA8x8dGDzktij2","Rahul","nigga@gmail.com","2024-09-20 10:32:01","2024-09-20 10:32:01"
128,"wlhhYCPwhZUrzYw57H5QbhBkAE53",15,97.1,79,81,"99 / 3","2024-09-22 05:06:14.505975+05:30","22/09/24",3,"wlhhYCPwhZUrzYw57H5QbhBkAE53","Rohith","test@gmail.com","2024-09-11 08:20:14.806777","2024-09-11 08:20:14.806777"
136,"wlhhYCPwhZUrzYw57H5QbhBkAE53",15,96.1,79,82,"99 / 4","2024-09-22 16:16:00.364089+05:30","22/09/24",3,"wlhhYCPwhZUrzYw57H5QbhBkAE53","Rohith","test@gmail.com","2024-09-11 08:20:14.806777","2024-09-11 08:20:14.806777"
69,"EVYIKxyLx2gV46fA8x8dGDzktij2",15,100,78,78,"98 / 0","2024-09-20 07:54:54.173102+05:30","20/09/24",5,"EVYIKxyLx2gV46fA8x8dGDzktij2","Rahul","nigga@gmail.com","2024-09-20 10:32:01","2024-09-20 10:32:01"
101,"EVYIKxyLx2gV46fA8x8dGDzktij2",60,98.2,78,79,"390 / 7","2024-09-20 15:39:54.957146+05:30","20/09/24",5,"EVYIKxyLx2gV46fA8x8dGDzktij2","Rahul","nigga@gmail.com","2024-09-20 10:32:01","2024-09-20 10:32:01"
57,"EVYIKxyLx2gV46fA8x8dGDzktij2",15,98,78,80,"98 / 2","2024-09-20 05:24:11.208779+05:30","20/09/24",5,"EVYIKxyLx2gV46fA8x8dGDzktij2","Rahul","nigga@gmail.com","2024-09-20 10:32:01","2024-09-20 10:32:01"
52,"EVYIKxyLx2gV46fA8x8dGDzktij2",15,96.1,78,81,"98 / 4","2024-09-20 05:21:36.673019+05:30","20/09/24",5,"EVYIKxyLx2gV46fA8x8dGDzktij2","Rahul","nigga@gmail.com","2024-09-20 10:32:01","2024-09-20 10:32:01"
21,"wlhhYCPwhZUrzYw57H5QbhBkAE53",30,94.7,78,83,"197 / 11","2024-09-12 14:58:04.828887+05:30","12/09/24",3,"wlhhYCPwhZUrzYw57H5QbhBkAE53","Rohith","test@gmail.com","2024-09-11 08:20:14.806777","2024-09-11 08:20:14.806777"
20,"wlhhYCPwhZUrzYw57H5QbhBkAE53",30,94.2,78,83,"196 / 12","2024-09-12 07:40:47.520453+05:30","12/09/24",3,"wlhhYCPwhZUrzYw57H5QbhBkAE53","Rohith","test@gmail.com","2024-09-11 08:20:14.806777","2024-09-11 08:20:14.806777"
103,"wlhhYCPwhZUrzYw57H5QbhBkAE53",15,91.6,78,85,"98 / 9","2024-09-20 16:58:28.169478+05:30","20/09/24",3,"wlhhYCPwhZUrzYw57H5QbhBkAE53","Rohith","test@gmail.com","2024-09-11 08:20:14.806777","2024-09-11 08:20:14.806777"
75,"EVYIKxyLx2gV46fA8x8dGDzktij2",15,100,77,77,"97 / 0","2024-09-20 07:58:04.770191+05:30","20/09/24",5,"EVYIKxyLx2gV46fA8x8dGDzktij2","Rahul","nigga@gmail.com","2024-09-20 10:32:01","2024-09-20 10:32:01"
77,"EVYIKxyLx2gV46fA8x8dGDzktij2",15,100,77,77,"97 / 0","2024-09-20 07:58:47.729513+05:30","20/09/24",5,"EVYIKxyLx2gV46fA8x8dGDzktij2","Rahul","nigga@gmail.com","2024-09-20 10:32:01","2024-09-20 10:32:01"
92,"EVYIKxyLx2gV46fA8x8dGDzktij2",60,99.5,77,78,"388 / 2","2024-09-20 15:13:12.878929+05:30","20/09/24",5,"EVYIKxyLx2gV46fA8x8dGDzktij2","Rahul","nigga@gmail.com","2024-09-20 10:32:01","2024-09-20 10:32:01"
79,"EVYIKxyLx2gV46fA8x8dGDzktij2",60,98.7,77,78,"385 / 5","2024-09-20 08:01:10.317675+05:30","20/09/24",5,"EVYIKxyLx2gV46fA8x8dGDzktij2","Rahul","nigga@gmail.com","2024-09-20 10:32:01","2024-09-20 10:32:01"
64,"EVYIKxyLx2gV46fA8x8dGDzktij2",15,98,77,79,"97 / 2","2024-09-20 05:26:40.857547+05:30","20/09/24",5,"EVYIKxyLx2gV46fA8x8dGDzktij2","Rahul","nigga@gmail.com","2024-09-20 10:32:01","2024-09-20 10:32:01"
6,"wlhhYCPwhZUrzYw57H5QbhBkAE53",45,97,77,80,"292 / 9","2024-09-11 11:11:18.178612+05:30","11/09/24",3,"wlhhYCPwhZUrzYw57H5QbhBkAE53","Rohith","test@gmail.com","2024-09-11 08:20:14.806777","2024-09-11 08:20:14.806777"
70,"EVYIKxyLx2gV46fA8x8dGDzktij2",15,100,76,76,"96 / 0","2024-09-20 07:55:14.240531+05:30","20/09/24",5,"EVYIKxyLx2gV46fA8x8dGDzktij2","Rahul","nigga@gmail.com","2024-09-20 10:32:01","2024-09-20 10:32:01"
94,"EVYIKxyLx2gV46fA8x8dGDzktij2",60,99.7,76,76,"383 / 1","2024-09-20 15:16:13.622844+05:30","20/09/24",5,"EVYIKxyLx2gV46fA8x8dGDzktij2","Rahul","nigga@gmail.com","2024-09-20 10:32:01","2024-09-20 10:32:01"
66,"EVYIKxyLx2gV46fA8x8dGDzktij2",15,99,76,76,"95 / 1","2024-09-20 07:53:37.434303+05:30","20/09/24",5,"EVYIKxyLx2gV46fA8x8dGDzktij2","Rahul","nigga@gmail.com","2024-09-20 10:32:01","2024-09-20 10:32:01"
86,"EVYIKxyLx2gV46fA8x8dGDzktij2",120,98.5,76,77,"767 / 12","2024-09-20 08:17:14.719009+05:30","20/09/24",5,"EVYIKxyLx2gV46fA8x8dGDzktij2","Rahul","nigga@gmail.com","2024-09-20 10:32:01","2024-09-20 10:32:01"
74,"EVYIKxyLx2gV46fA8x8dGDzktij2",15,98,76,78,"96 / 2","2024-09-20 07:57:44.061326+05:30","20/09/24",5,"EVYIKxyLx2gV46fA8x8dGDzktij2","Rahul","nigga@gmail.com","2024-09-20 10:32:01","2024-09-20 10:32:01"
116,"wlhhYCPwhZUrzYw57H5QbhBkAE53",15,96,76,80,"96 / 4","2024-09-21 09:56:20.190109+05:30","21/09/24",3,"wlhhYCPwhZUrzYw57H5QbhBkAE53","Rohith","test@gmail.com","2024-09-11 08:20:14.806777","2024-09-11 08:20:14.806777"
150,"EVYIKxyLx2gV46fA8x8dGDzktij2",15,96,76,80,"96 / 4","2024-09-23 08:39:31.184408+05:30","23/09/24",5,"EVYIKxyLx2gV46fA8x8dGDzktij2","Rahul","nigga@gmail.com","2024-09-20 10:32:01","2024-09-20 10:32:01"
104,"wlhhYCPwhZUrzYw57H5QbhBkAE53",15,95,76,80,"95 / 5","2024-09-20 16:58:50.163815+05:30","20/09/24",3,"wlhhYCPwhZUrzYw57H5QbhBkAE53","Rohith","test@gmail.com","2024-09-11 08:20:14.806777","2024-09-11 08:20:14.806777"
7,"wlhhYCPwhZUrzYw57H5QbhBkAE53",120,93.7,76,81,"760 / 51","2024-09-11 11:13:39.389664+05:30","11/09/24",3,"wlhhYCPwhZUrzYw57H5QbhBkAE53","Rohith","test@gmail.com","2024-09-11 08:20:14.806777","2024-09-11 08:20:14.806777"
10,"wlhhYCPwhZUrzYw57H5QbhBkAE53",15,100,75,75,"94 / 0","2024-09-11 16:24:10.856389+05:30","11/09/24",3,"wlhhYCPwhZUrzYw57H5QbhBkAE53","Rohith","test@gmail.com","2024-09-11 08:20:14.806777","2024-09-11 08:20:14.806777"
154,"EVYIKxyLx2gV46fA8x8dGDzktij2",15,100,75,75,"94 / 0","2024-09-23 08:41:43.442173+05:30","23/09/24",5,"EVYIKxyLx2gV46fA8x8dGDzktij2","Rahul","nigga@gmail.com","2024-09-20 10:32:01","2024-09-20 10:32:01"
118,"EVYIKxyLx2gV46fA8x8dGDzktij2",60,99,75,76,"379 / 4","2024-09-21 17:10:31.192633+05:30","21/09/24",5,"EVYIKxyLx2gV46fA8x8dGDzktij2","Rahul","nigga@gmail.com","2024-09-20 10:32:01","2024-09-20 10:32:01"
98,"EVYIKxyLx2gV46fA8x8dGDzktij2",60,98.9,75,75,"375 / 4","2024-09-20 15:25:22.747838+05:30","20/09/24",5,"EVYIKxyLx2gV46fA8x8dGDzktij2","Rahul","nigga@gmail.com","2024-09-20 10:32:01","2024-09-20 10:32:01"
100,"EVYIKxyLx2gV46fA8x8dGDzktij2",60,98.9,75,75,"375 / 4","2024-09-20 15:30:48.077718+05:30","20/09/24",5,"EVYIKxyLx2gV46fA8x8dGDzktij2","Rahul","nigga@gmail.com","2024-09-20 10:32:01","2024-09-20 10:32:01"
141,"wlhhYCPwhZUrzYw57H5QbhBkAE53",120,96.1,75,79,"759 / 31","2024-09-22 16:21:41.195438+05:30","22/09/24",3,"wlhhYCPwhZUrzYw57H5QbhBkAE53","Rohith","test@gmail.com","2024-09-11 08:20:14.806777","2024-09-11 08:20:14.806777"
27,"wlhhYCPwhZUrzYw57H5QbhBkAE53",45,95.6,75,78,"282 / 13","2024-09-13 12:10:29.180555+05:30","13/09/24",3,"wlhhYCPwhZUrzYw57H5QbhBkAE53","Rohith","test@gmail.com","2024-09-11 08:20:14.806777","2024-09-11 08:20:14.806777"
49,"EVYIKxyLx2gV46fA8x8dGDzktij2",15,94.9,75,79,"94 / 5","2024-09-20 05:18:53.876805+05:30","20/09/24",5,"EVYIKxyLx2gV46fA8x8dGDzktij2","Rahul","nigga@gmail.com","2024-09-20 10:32:01","2024-09-20 10:32:01"
127,"wlhhYCPwhZUrzYw57H5QbhBkAE53",120,93.5,75,80,"750 / 52","2024-09-22 04:59:16.412723+05:30","22/09/24",3,"wlhhYCPwhZUrzYw57H5QbhBkAE53","Rohith","test@gmail.com","2024-09-11 08:20:14.806777","2024-09-11 08:20:14.806777"
91,"EVYIKxyLx2gV46fA8x8dGDzktij2",60,100,74,74,"374 / 0","2024-09-20 15:12:06.527048+05:30","20/09/24",5,"EVYIKxyLx2gV46fA8x8dGDzktij2","Rahul","nigga@gmail.com","2024-09-20 10:32:01","2024-09-20 10:32:01"
89,"EVYIKxyLx2gV46fA8x8dGDzktij2",60,98.9,74,75,"371 / 4","2024-09-20 08:23:45.196697+05:30","20/09/24",5,"EVYIKxyLx2gV46fA8x8dGDzktij2","Rahul","nigga@gmail.com","2024-09-20 10:32:01","2024-09-20 10:32:01"
18,"wlhhYCPwhZUrzYw57H5QbhBkAE53",30,98.4,74,75,"185 / 3","2024-09-12 07:38:06.988008+05:30","12/09/24",3,"wlhhYCPwhZUrzYw57H5QbhBkAE53","Rohith","test@gmail.com","2024-09-11 08:20:14.806777","2024-09-11 08:20:14.806777"
120,"EVYIKxyLx2gV46fA8x8dGDzktij2",60,98.4,74,75,"373 / 6","2024-09-21 17:14:40.979164+05:30","21/09/24",5,"EVYIKxyLx2gV46fA8x8dGDzktij2","Rahul","nigga@gmail.com","2024-09-20 10:32:01","2024-09-20 10:32:01"
11,"wlhhYCPwhZUrzYw57H5QbhBkAE53",15,96.9,74,76,"93 / 3","2024-09-11 16:24:31.134776+05:30","11/09/24",3,"wlhhYCPwhZUrzYw57H5QbhBkAE53","Rohith","test@gmail.com","2024-09-11 08:20:14.806777","2024-09-11 08:20:14.806777"
58,"EVYIKxyLx2gV46fA8x8dGDzktij2",15,94.9,74,78,"93 / 5","2024-09-20 05:24:34.109955+05:30","20/09/24",5,"EVYIKxyLx2gV46fA8x8dGDzktij2","Rahul","nigga@gmail.com","2024-09-20 10:32:01","2024-09-20 10:32:01"
115,"wlhhYCPwhZUrzYw57H5QbhBkAE53",15,89.4,74,83,"93 / 11","2024-09-21 09:52:40.993796+05:30","21/09/24",3,"wlhhYCPwhZUrzYw57H5QbhBkAE53","Rohith","test@gmail.com","2024-09-11 08:20:14.806777","2024-09-11 08:20:14.806777"
2,"wlhhYCPwhZUrzYw57H5QbhBkAE53",15,86.9,74,85,"93 / 14","2024-09-11 11:08:42.529129+05:30","11/09/24",3,"wlhhYCPwhZUrzYw57H5QbhBkAE53","Rohith","test@gmail.com","2024-09-11 08:20:14.806777","2024-09-11 08:20:14.806777"
28,"wlhhYCPwhZUrzYw57H5QbhBkAE53",30,98.9,73,74,"183 / 2","2024-09-14 05:16:03.275651+05:30","14/09/24",3,"wlhhYCPwhZUrzYw57H5QbhBkAE53","Rohith","test@gmail.com","2024-09-11 08:20:14.806777","2024-09-11 08:20:14.806777"
84,"EVYIKxyLx2gV46fA8x8dGDzktij2",60,98.9,73,74,"368 / 4","2024-09-20 08:12:48.353835+05:30","20/09/24",5,"EVYIKxyLx2gV46fA8x8dGDzktij2","Rahul","nigga@gmail.com","2024-09-20 10:32:01","2024-09-20 10:32:01"
12,"wlhhYCPwhZUrzYw57H5QbhBkAE53",15,97.9,73,75,"92 / 2","2024-09-11 16:28:52.188077+05:30","11/09/24",3,"wlhhYCPwhZUrzYw57H5QbhBkAE53","Rohith","test@gmail.com","2024-09-11 08:20:14.806777","2024-09-11 08:20:14.806777"
63,"EVYIKxyLx2gV46fA8x8dGDzktij2",15,97.9,73,75,"92 / 2","2024-09-20 05:26:21.942593+05:30","20/09/24",5,"EVYIKxyLx2gV46fA8x8dGDzktij2","Rahul","nigga@gmail.com","2024-09-20 10:32:01","2024-09-20 10:32:01"
125,"wlhhYCPwhZUrzYw57H5QbhBkAE53",15,97.9,73,75,"92 / 2","2024-09-22 04:56:03.500643+05:30","22/09/24",3,"wlhhYCPwhZUrzYw57H5QbhBkAE53","Rohith","test@gmail.com","2024-09-11 08:20:14.806777","2024-09-11 08:20:14.806777"
87,"EVYIKxyLx2gV46fA8x8dGDzktij2",60,97.6,73,75,"369 / 9","2024-09-20 08:18:40.403788+05:30","20/09/24",5,"EVYIKxyLx2gV46fA8x8dGDzktij2","Rahul","nigga@gmail.com","2024-09-20 10:32:01","2024-09-20 10:32:01"
15,"wlhhYCPwhZUrzYw57H5QbhBkAE53",15,96.8,73,76,"92 / 3","2024-09-12 06:07:55.369231+05:30","12/09/24",3,"wlhhYCPwhZUrzYw57H5QbhBkAE53","Rohith","test@gmail.com","2024-09-11 08:20:14.806777","2024-09-11 08:20:14.806777"
72,"EVYIKxyLx2gV46fA8x8dGDzktij2",15,95.8,73,76,"92 / 4","2024-09-20 07:56:08.121807+05:30","20/09/24",5,"EVYIKxyLx2gV46fA8x8dGDzktij2","Rahul","nigga@gmail.com","2024-09-20 10:32:01","2024-09-20 10:32:01"
157,"wlhhYCPwhZUrzYw57H5QbhBkAE53",45,93.2,73,78,"275 / 20","2024-09-23 08:50:52.083434+05:30","23/09/24",3,"wlhhYCPwhZUrzYw57H5QbhBkAE53","Rohith","test@gmail.com","2024-09-11 08:20:14.806777","2024-09-11 08:20:14.806777"
8,"wlhhYCPwhZUrzYw57H5QbhBkAE53",15,97.8,72,74,"91 / 2","2024-09-11 11:37:52.58823+05:30","11/09/24",3,"wlhhYCPwhZUrzYw57H5QbhBkAE53","Rohith","test@gmail.com","2024-09-11 08:20:14.806777","2024-09-11 08:20:14.806777"
135,"wlhhYCPwhZUrzYw57H5QbhBkAE53",15,97.8,72,74,"91 / 2","2024-09-22 16:15:36.219127+05:30","22/09/24",3,"wlhhYCPwhZUrzYw57H5QbhBkAE53","Rohith","test@gmail.com","2024-09-11 08:20:14.806777","2024-09-11 08:20:14.806777"
148,"EVYIKxyLx2gV46fA8x8dGDzktij2",15,97.8,72,73,"90 / 2","2024-09-23 08:38:39.562623+05:30","23/09/24",5,"EVYIKxyLx2gV46fA8x8dGDzktij2","Rahul","nigga@gmail.com","2024-09-20 10:32:01","2024-09-20 10:32:01"
43,"EVYIKxyLx2gV46fA8x8dGDzktij2",60,97.3,72,74,"364 / 10","2024-09-20 05:07:27.846944+05:30","20/09/24",5,"EVYIKxyLx2gV46fA8x8dGDzktij2","Rahul","nigga@gmail.com","2024-09-20 10:32:01","2024-09-20 10:32:01"
3,"wlhhYCPwhZUrzYw57H5QbhBkAE53",15,96.8,72,75,"91 / 3","2024-09-11 11:09:03.612947+05:30","11/09/24",3,"wlhhYCPwhZUrzYw57H5QbhBkAE53","Rohith","test@gmail.com","2024-09-11 08:20:14.806777","2024-09-11 08:20:14.806777"
19,"wlhhYCPwhZUrzYw57H5QbhBkAE53",30,91.8,72,78,"180 / 16","2024-09-12 07:38:39.261908+05:30","12/09/24",3,"wlhhYCPwhZUrzYw57H5QbhBkAE53","Rohith","test@gmail.com","2024-09-11 08:20:14.806777","2024-09-11 08:20:14.806777"
129,"wlhhYCPwhZUrzYw57H5QbhBkAE53",15,90.9,72,79,"90 / 9","2024-09-22 09:14:52.751514+05:30","22/09/24",3,"wlhhYCPwhZUrzYw57H5QbhBkAE53","Rohith","test@gmail.com","2024-09-11 08:20:14.806777","2024-09-11 08:20:14.806777"
47,"EVYIKxyLx2gV46fA8x8dGDzktij2",15,100,71,71,"89 / 0","2024-09-20 05:12:21.704558+05:30","20/09/24",5,"EVYIKxyLx2gV46fA8x8dGDzktij2","Rahul","nigga@gmail.com","2024-09-20 10:32:01","2024-09-20 10:32:01"
131,"wlhhYCPwhZUrzYw57H5QbhBkAE53",15,100,71,71,"89 / 0","2024-09-22 16:09:37.492122+05:30","22/09/24",3,"wlhhYCPwhZUrzYw57H5QbhBkAE53","Rohith","test@gmail.com","2024-09-11 08:20:14.806777","2024-09-11 08:20:14.806777"
88,"EVYIKxyLx2gV46fA8x8dGDzktij2",60,98.9,71,72,"358 / 4","2024-09-20 08:21:50.171585+05:30","20/09/24",5,"EVYIKxyLx2gV46fA8x8dGDzktij2","Rahul","nigga@gmail.com","2024-09-20 10:32:01","2024-09-20 10:32:01"
82,"EVYIKxyLx2gV46fA8x8dGDzktij2",60,96.8,71,74,"358 / 12","2024-09-20 08:07:09.446408+05:30","20/09/24",5,"EVYIKxyLx2gV46fA8x8dGDzktij2","Rahul","nigga@gmail.com","2024-09-20 10:32:01","2024-09-20 10:32:01"
26,"wlhhYCPwhZUrzYw57H5QbhBkAE53",30,95.7,71,74,"179 / 8","2024-09-13 08:45:58.97311+05:30","13/09/24",3,"wlhhYCPwhZUrzYw57H5QbhBkAE53","Rohith","test@gmail.com","2024-09-11 08:20:14.806777","2024-09-11 08:20:14.806777"
114,"wlhhYCPwhZUrzYw57H5QbhBkAE53",15,92.7,71,76,"89 / 7","2024-09-21 09:46:38.670336+05:30","21/09/24",3,"wlhhYCPwhZUrzYw57H5QbhBkAE53","Rohith","test@gmail.com","2024-09-11 08:20:14.806777","2024-09-11 08:20:14.806777"
155,"EVYIKxyLx2gV46fA8x8dGDzktij2",15,100,70,70,"88 / 0","2024-09-23 08:42:01.756996+05:30","23/09/24",5,"EVYIKxyLx2gV46fA8x8dGDzktij2","Rahul","nigga@gmail.com","2024-09-20 10:32:01","2024-09-20 10:32:01"
95,"EVYIKxyLx2gV46fA8x8dGDzktij2",60,98.6,70,71,"352 / 5","2024-09-20 15:17:35.19929+05:30","20/09/24",5,"EVYIKxyLx2gV46fA8x8dGDzktij2","Rahul","nigga@gmail.com","2024-09-20 10:32:01","2024-09-20 10:32:01"
5,"wlhhYCPwhZUrzYw57H5QbhBkAE53",30,97.8,70,71,"175 / 4","2024-09-11 11:10:00.003055+05:30","11/09/24",3,"wlhhYCPwhZUrzYw57H5QbhBkAE53","Rohith","test@gmail.com","2024-09-11 08:20:14.806777","2024-09-11 08:20:14.806777"
83,"EVYIKxyLx2gV46fA8x8dGDzktij2",60,99.7,69,69,"347 / 1","2024-09-20 08:08:22.445977+05:30","20/09/24",5,"EVYIKxyLx2gV46fA8x8dGDzktij2","Rahul","nigga@gmail.com","2024-09-20 10:32:01","2024-09-20 10:32:01"
106,"wlhhYCPwhZUrzYw57H5QbhBkAE53",120,95.7,69,72,"696 / 31","2024-09-20 17:02:34.177297+05:30","20/09/24",3,"wlhhYCPwhZUrzYw57H5QbhBkAE53","Rohith","test@gmail.com","2024-09-11 08:20:14.806777","2024-09-11 08:20:14.806777"
53,"EVYIKxyLx2gV46fA8x8dGDzktij2",15,100,68,68,"86 / 0","2024-09-20 05:21:58.893442+05:30","20/09/24",5,"EVYIKxyLx2gV46fA8x8dGDzktij2","Rahul","nigga@gmail.com","2024-09-20 10:32:01","2024-09-20 10:32:01"
152,"EVYIKxyLx2gV46fA8x8dGDzktij2",15,100,68,68,"86 / 0","2024-09-23 08:41:04.421823+05:30","23/09/24",5,"EVYIKxyLx2gV46fA8x8dGDzktij2","Rahul","nigga@gmail.com","2024-09-20 10:32:01","2024-09-20 10:32:01"
122,"wlhhYCPwhZUrzYw57H5QbhBkAE53",15,95.5,68,71,"85 / 4","2024-09-22 04:51:36.906623+05:30","22/09/24",3,"wlhhYCPwhZUrzYw57H5QbhBkAE53","Rohith","test@gmail.com","2024-09-11 08:20:14.806777","2024-09-11 08:20:14.806777"
126,"wlhhYCPwhZUrzYw57H5QbhBkAE53",15,94.5,68,72,"86 / 5","2024-09-22 04:56:23.820498+05:30","22/09/24",3,"wlhhYCPwhZUrzYw57H5QbhBkAE53","Rohith","test@gmail.com","2024-09-11 08:20:14.806777","2024-09-11 08:20:14.806777"
14,"wlhhYCPwhZUrzYw57H5QbhBkAE53",15,94.4,68,72,"85 / 5","2024-09-12 05:59:52.252557+05:30","12/09/24",3,"wlhhYCPwhZUrzYw57H5QbhBkAE53","Rohith","test@gmail.com","2024-09-11 08:20:14.806777","2024-09-11 08:20:14.806777"
80,"EVYIKxyLx2gV46fA8x8dGDzktij2",60,98.8,67,68,"337 / 4","2024-09-20 08:02:52.471712+05:30","20/09/24",5,"EVYIKxyLx2gV46fA8x8dGDzktij2","Rahul","nigga@gmail.com","2024-09-20 10:32:01","2024-09-20 10:32:01"
153,"EVYIKxyLx2gV46fA8x8dGDzktij2",15,96.5,66,68,"83 / 3","2024-09-23 08:41:23.557088+05:30","23/09/24",5,"EVYIKxyLx2gV46fA8x8dGDzktij2","Rahul","nigga@gmail.com","2024-09-20 10:32:01","2024-09-20 10:32:01"
23,"wlhhYCPwhZUrzYw57H5QbhBkAE53",15,97.6,64,66,"81 / 2","2024-09-13 03:28:12.483373+05:30","13/09/24",3,"wlhhYCPwhZUrzYw57H5QbhBkAE53","Rohith","test@gmail.com","2024-09-11 08:20:14.806777","2024-09-11 08:20:14.806777"
24,"wlhhYCPwhZUrzYw57H5QbhBkAE53",15,96.4,64,66,"80 / 3","2024-09-13 04:52:22.756656+05:30","13/09/24",3,"wlhhYCPwhZUrzYw57H5QbhBkAE53","Rohith","test@gmail.com","2024-09-11 08:20:14.806777","2024-09-11 08:20:14.806777"
124,"wlhhYCPwhZUrzYw57H5QbhBkAE53",15,80.6,63,78,"79 / 19","2024-09-22 04:55:46.805668+05:30","22/09/24",3,"wlhhYCPwhZUrzYw57H5QbhBkAE53","Rohith","test@gmail.com","2024-09-11 08:20:14.806777","2024-09-11 08:20:14.806777"
37,"wlhhYCPwhZUrzYw57H5QbhBkAE53",30,90.2,62,69,"157 / 17","2024-09-15 16:09:57.282519+05:30","15/09/24",3,"wlhhYCPwhZUrzYw57H5QbhBkAE53","Rohith","test@gmail.com","2024-09-11 08:20:14.806777","2024-09-11 08:20:14.806777"
99,"EVYIKxyLx2gV46fA8x8dGDzktij2",60,96.5,60,62,"300 / 11","2024-09-20 15:27:29.561143+05:30","20/09/24",5,"EVYIKxyLx2gV46fA8x8dGDzktij2","Rahul","nigga@gmail.com","2024-09-20 10:32:01","2024-09-20 10:32:01"
30,"wlhhYCPwhZUrzYw57H5QbhBkAE53",15,96.2,60,62,"75 / 3","2024-09-14 15:36:06.4813+05:30","14/09/24",3,"wlhhYCPwhZUrzYw57H5QbhBkAE53","Rohith","test@gmail.com","2024-09-11 08:20:14.806777","2024-09-11 08:20:14.806777"
41,"wlhhYCPwhZUrzYw57H5QbhBkAE53",15,100,58,58,"73 / 0","2024-09-20 03:28:21.278305+05:30","20/09/24",3,"wlhhYCPwhZUrzYw57H5QbhBkAE53","Rohith","test@gmail.com","2024-09-11 08:20:14.806777","2024-09-11 08:20:14.806777"
42,"wlhhYCPwhZUrzYw57H5QbhBkAE53",30,94.2,58,62,"146 / 9","2024-09-20 03:28:57.048224+05:30","20/09/24",3,"wlhhYCPwhZUrzYw57H5QbhBkAE53","Rohith","test@gmail.com","2024-09-11 08:20:14.806777","2024-09-11 08:20:14.806777"
164,"wlhhYCPwhZUrzYw57H5QbhBkAE53",15,86.6,56,65,"71 / 11","2024-09-24 07:32:47.745308+05:30","24/09/24",3,"wlhhYCPwhZUrzYw57H5QbhBkAE53","Rohith","test@gmail.com","2024-09-11 08:20:14.806777","2024-09-11 08:20:14.806777"
36,"wlhhYCPwhZUrzYw57H5QbhBkAE53",30,97.2,55,57,"139 / 4","2024-09-15 16:09:23.862888+05:30","15/09/24",3,"wlhhYCPwhZUrzYw57H5QbhBkAE53","Rohith","test@gmail.com","2024-09-11 08:20:14.806777","2024-09-11 08:20:14.806777"
29,"wlhhYCPwhZUrzYw57H5QbhBkAE53",45,85.7,54,63,"203 / 34","2024-09-14 07:03:54.044522+05:30","14/09/24",3,"wlhhYCPwhZUrzYw57H5QbhBkAE53","Rohith","test@gmail.com","2024-09-11 08:20:14.806777","2024-09-11 08:20:14.806777"
38,"wlhhYCPwhZUrzYw57H5QbhBkAE53",15,100,53,53,"67 / 0","2024-09-20 03:14:03.442874+05:30","20/09/24",3,"wlhhYCPwhZUrzYw57H5QbhBkAE53","Rohith","test@gmail.com","2024-09-11 08:20:14.806777","2024-09-11 08:20:14.806777"
22,"wlhhYCPwhZUrzYw57H5QbhBkAE53",15,94.4,53,56,"67 / 4","2024-09-13 03:27:44.050781+05:30","13/09/24",3,"wlhhYCPwhZUrzYw57H5QbhBkAE53","Rohith","test@gmail.com","2024-09-11 08:20:14.806777","2024-09-11 08:20:14.806777"
35,"wlhhYCPwhZUrzYw57H5QbhBkAE53",30,86.8,52,60,"132 / 20","2024-09-15 16:08:23.617773+05:30","15/09/24",3,"wlhhYCPwhZUrzYw57H5QbhBkAE53","Rohith","test@gmail.com","2024-09-11 08:20:14.806777","2024-09-11 08:20:14.806777"
107,"wlhhYCPwhZUrzYw57H5QbhBkAE53",30,98.4,50,51,"126 / 2","2024-09-20 18:03:30.551341+05:30","20/09/24",3,"wlhhYCPwhZUrzYw57H5QbhBkAE53","Rohith","test@gmail.com","2024-09-11 08:20:14.806777","2024-09-11 08:20:14.806777"
31,"wlhhYCPwhZUrzYw57H5QbhBkAE53",15,88.6,49,56,"62 / 8","2024-09-15 12:47:27.878257+05:30","15/09/24",3,"wlhhYCPwhZUrzYw57H5QbhBkAE53","Rohith","test@gmail.com","2024-09-11 08:20:14.806777","2024-09-11 08:20:14.806777"
40,"wlhhYCPwhZUrzYw57H5QbhBkAE53",15,96.8,48,49,"60 / 2","2024-09-20 03:14:44.616285+05:30","20/09/24",3,"wlhhYCPwhZUrzYw57H5QbhBkAE53","Rohith","test@gmail.com","2024-09-11 08:20:14.806777","2024-09-11 08:20:14.806777"
163,"wlhhYCPwhZUrzYw57H5QbhBkAE53",15,93.8,48,52,"61 / 4","2024-09-24 05:28:31.255168+05:30","24/09/24",3,"wlhhYCPwhZUrzYw57H5QbhBkAE53","Rohith","test@gmail.com","2024-09-11 08:20:14.806777","2024-09-11 08:20:14.806777"
34,"wlhhYCPwhZUrzYw57H5QbhBkAE53",15,90.6,46,51,"58 / 6","2024-09-15 12:50:46.215935+05:30","15/09/24",3,"wlhhYCPwhZUrzYw57H5QbhBkAE53","Rohith","test@gmail.com","2024-09-11 08:20:14.806777","2024-09-11 08:20:14.806777"
39,"wlhhYCPwhZUrzYw57H5QbhBkAE53",15,98.3,45,46,"57 / 1","2024-09-20 03:14:23.077015+05:30","20/09/24",3,"wlhhYCPwhZUrzYw57H5QbhBkAE53","Rohith","test@gmail.com","2024-09-11 08:20:14.806777","2024-09-11 08:20:14.806777"
17,"wlhhYCPwhZUrzYw57H5QbhBkAE53",15,98.1,42,43,"53 / 1","2024-09-12 06:31:14.555047+05:30","12/09/24",3,"wlhhYCPwhZUrzYw57H5QbhBkAE53","Rohith","test@gmail.com","2024-09-11 08:20:14.806777","2024-09-11 08:20:14.806777"
32,"wlhhYCPwhZUrzYw57H5QbhBkAE53",15,100,40,40,"50 / 0","2024-09-15 12:48:11.680764+05:30","15/09/24",3,"wlhhYCPwhZUrzYw57H5QbhBkAE53","Rohith","test@gmail.com","2024-09-11 08:20:14.806777","2024-09-11 08:20:14.806777"
162,"wlhhYCPwhZUrzYw57H5QbhBkAE53",15,79.7,40,51,"51 / 13","2024-09-24 05:28:14.084548+05:30","24/09/24",3,"wlhhYCPwhZUrzYw57H5QbhBkAE53","Rohith","test@gmail.com","2024-09-11 08:20:14.806777","2024-09-11 08:20:14.806777"
108,"wlhhYCPwhZUrzYw57H5QbhBkAE53",15,100,38,38,"48 / 0","2024-09-20 18:07:55.243295+05:30","20/09/24",3,"wlhhYCPwhZUrzYw57H5QbhBkAE53","Rohith","test@gmail.com","2024-09-11 08:20:14.806777","2024-09-11 08:20:14.806777"
33,"wlhhYCPwhZUrzYw57H5QbhBkAE53",15,44.2,36,83,"46 / 58","2024-09-15 12:50:26.724119+05:30","15/09/24",3,"wlhhYCPwhZUrzYw57H5QbhBkAE53","Rohith","test@gmail.com","2024-09-11 08:20:14.806777","2024-09-11 08:20:14.806777"
25,"wlhhYCPwhZUrzYw57H5QbhBkAE53",15,92.3,28,31,"36 / 3","2024-09-13 04:52:50.689788+05:30","13/09/24",3,"wlhhYCPwhZUrzYw57H5QbhBkAE53","Rohith","test@gmail.com","2024-09-11 08:20:14.806777","2024-09-11 08:20:14.806777"
65,"EVYIKxyLx2gV46fA8x8dGDzktij2",15,100,20,20,"25 / 0","2024-09-20 05:27:02.658071+05:30","20/09/24",5,"EVYIKxyLx2gV46fA8x8dGDzktij2","Rahul","nigga@gmail.com","2024-09-20 10:32:01","2024-09-20 10:32:01"
